date,new_orders,moving_avg_12
1992-01-01,102545.0,
1992-02-01,109801.0,
1992-03-01,115743.0,
1992-04-01,113458.0,
1992-05-01,115904.0,
1992-06-01,123651.0,
1992-07-01,112139.0,
1992-08-01,116254.0,
1992-09-01,125365.0,
1992-10-01,119404.0,
1992-11-01,116994.0,
1992-12-01,113904.0,115430.16666666667
1993-01-01,108722.0,115944.91666666667
1993-02-01,115662.0,116433.33333333333
1993-03-01,121901.0,116946.5
1993-04-01,116949.0,117237.41666666667
1993-05-01,118210.0,117429.58333333333
1993-06-01,125644.0,117595.66666666667
1993-07-01,112707.0,117643.0
1993-08-01,119172.0,117886.16666666667
1993-09-01,125370.0,117886.58333333333
1993-10-01,121750.0,118082.08333333333
1993-11-01,117540.0,118127.58333333333
1993-12-01,112326.0,117996.08333333333
1994-01-01,108951.0,118015.16666666667
1994-02-01,116944.0,118122.0
1994-03-01,123978.0,118295.08333333333
1994-04-01,118938.0,118460.83333333333
1994-05-01,121062.0,118698.5
1994-06-01,128107.0,118903.75
1994-07-01,116554.0,119224.33333333333
1994-08-01,127450.0,119914.16666666667
1994-09-01,131852.0,120454.33333333333
1994-10-01,128571.0,121022.75
1994-11-01,126882.0,121801.25
1994-12-01,124762.0,122837.58333333333
1995-01-01,119611.0,123725.91666666667
1995-02-01,128238.0,124667.08333333333
1995-03-01,133072.0,125424.91666666667
1995-04-01,129515.0,126306.33333333333
1995-05-01,131658.0,127189.33333333333
1995-06-01,138243.0,128034.0
1995-07-01,125470.0,128777.0
1995-08-01,135341.0,129434.58333333333
1995-09-01,139627.0,130082.5
1995-10-01,136134.0,130712.75
1995-11-01,131856.0,131127.25
1995-12-01,128097.0,131405.16666666666
1996-01-01,121643.0,131574.5
1996-02-01,128827.0,131623.58333333334
1996-03-01,135236.0,131803.91666666666
1996-04-01,133333.0,132122.08333333334
1996-05-01,135842.0,132470.75
1996-06-01,139374.0,132565.0
1996-07-01,130641.0,132995.91666666666
1996-08-01,138752.0,133280.16666666666
1996-09-01,142471.0,133517.16666666666
1996-10-01,141806.0,133989.83333333334
1996-11-01,138233.0,134521.25
1996-12-01,132433.0,134882.58333333334
1997-01-01,129832.0,135565.0
1997-02-01,136868.0,136235.08333333334
1997-03-01,141249.0,136736.16666666666
1997-04-01,139956.0,137288.08333333334
1997-05-01,140881.0,137708.0
1997-06-01,145039.0,138180.08333333334
1997-07-01,135117.0,138553.08333333334
1997-08-01,143595.0,138956.66666666666
1997-09-01,148447.0,139454.66666666666
1997-10-01,147128.0,139898.16666666666
1997-11-01,141626.0,140180.91666666666
1997-12-01,137577.0,140609.58333333334
1998-01-01,131525.0,140750.66666666666
1998-02-01,137784.0,140827.0
1998-03-01,143642.0,141026.41666666666
1998-04-01,139537.0,140991.5
1998-05-01,139462.0,140873.25
1998-06-01,145468.0,140909.0
1998-07-01,133467.0,140771.5
1998-08-01,140944.0,140550.58333333334
1998-09-01,145325.0,140290.41666666666
1998-10-01,141686.0,139836.91666666666
1998-11-01,135698.0,139342.91666666666
1998-12-01,133687.0,139018.75
1999-01-01,126858.0,138629.83333333334
1999-02-01,135079.0,138404.41666666666
1999-03-01,142928.0,138344.91666666666
1999-04-01,137995.0,138216.41666666666
1999-05-01,139079.0,138184.5
1999-06-01,147560.0,138358.83333333334
1999-07-01,135927.0,138563.83333333334
1999-08-01,146614.0,139036.33333333334
1999-09-01,151289.0,139533.33333333334
1999-10-01,149758.0,140206.0
1999-11-01,147808.0,141215.16666666666
1999-12-01,144256.0,142095.91666666666
2000-01-01,137661.0,142996.16666666666
2000-02-01,148351.0,144102.16666666666
2000-03-01,157029.0,145277.25
2000-04-01,150029.0,146280.08333333334
2000-05-01,154427.0,147559.08333333334
2000-06-01,160958.0,148675.58333333334
2000-07-01,147251.0,149619.25
2000-08-01,157956.0,150564.41666666666
2000-09-01,160175.0,151304.91666666666
2000-10-01,157892.0,151982.75
2000-11-01,153778.0,152480.25
2000-12-01,149389.0,152908.0
2001-01-01,145556.0,153565.91666666666
2001-02-01,148497.0,153578.08333333334
2001-03-01,155564.0,153456.0
2001-04-01,148095.0,153294.83333333334
2001-05-01,155494.0,153383.75
2001-06-01,152139.0,152648.83333333334
2001-07-01,143378.0,152326.08333333334
2001-08-01,156987.0,152245.33333333334
2001-09-01,150962.0,151477.58333333334
2001-10-01,152943.0,151065.16666666666
2001-11-01,145391.0,150366.25
2001-12-01,141087.0,149674.41666666666
2002-01-01,137460.0,148999.75
2002-02-01,138363.0,148155.25
2002-03-01,149696.0,147666.25
2002-04-01,146979.0,147573.25
2002-05-01,152700.0,147340.41666666666
2002-06-01,152769.0,147392.91666666666
2002-07-01,144459.0,147483.0
2002-08-01,154659.0,147289.0
2002-09-01,156551.0,147754.75
2002-10-01,158372.0,148207.16666666666
2002-11-01,150560.0,148637.91666666666
2002-12-01,148534.0,149258.5
2003-01-01,145416.0,149921.5
2003-02-01,147606.0,150691.75
2003-03-01,160911.0,151626.33333333334
2003-04-01,151506.0,152003.58333333334
2003-05-01,155506.0,152237.41666666666
2003-06-01,158954.0,152752.83333333334
2003-07-01,154879.0,153621.16666666666
2003-08-01,161022.0,154151.41666666666
2003-09-01,162470.0,154644.66666666666
2003-10-01,165161.0,155210.41666666666
2003-11-01,153809.0,155481.16666666666
2003-12-01,155559.0,156066.58333333334
2004-01-01,150542.0,156493.75
2004-02-01,152961.0,156940.0
2004-03-01,169709.0,157673.16666666666
2004-04-01,164502.0,158756.16666666666
2004-05-01,169992.0,159963.33333333334
2004-06-01,175562.0,161347.33333333334
2004-07-01,167989.0,162439.83333333334
2004-08-01,178706.0,163913.5
2004-09-01,177107.0,165133.25
2004-10-01,183178.0,166634.66666666666
2004-11-01,179180.0,168748.91666666666
2004-12-01,174875.0,170358.58333333334
2005-01-01,170844.0,172050.41666666666
2005-02-01,172444.0,173674.0
2005-03-01,194132.0,175709.25
2005-04-01,188815.0,177735.33333333334
2005-05-01,194723.0,179796.25
2005-06-01,198487.0,181706.66666666666
2005-07-01,190272.0,183563.58333333334
2005-08-01,207537.0,185966.16666666666
2005-09-01,204134.0,188218.41666666666
2005-10-01,203787.0,189935.83333333334
2005-11-01,198386.0,191536.33333333334
2005-12-01,193672.0,193102.75
2006-01-01,192371.0,194896.66666666666
2006-02-01,185664.0,195998.33333333334
2006-03-01,208225.0,197172.75
2006-04-01,200677.0,198161.25
2006-05-01,217293.0,200042.08333333334
2006-06-01,215777.0,201482.91666666666
2006-07-01,207780.0,202941.91666666666
2006-08-01,221091.0,204071.41666666666
2006-09-01,203072.0,203982.91666666666
2006-10-01,204523.0,204044.25
2006-11-01,198829.0,204081.16666666666
2006-12-01,198056.0,204446.5
2007-01-01,192703.0,204474.16666666666
2007-02-01,192047.0,205006.08333333334
2007-03-01,215540.0,205615.66666666666
2007-04-01,211822.0,206544.41666666666
2007-05-01,228013.0,207437.75
2007-06-01,226374.0,208320.83333333334
2007-07-01,220505.0,209381.25
2007-08-01,229619.0,210091.91666666666
2007-09-01,222298.0,211694.08333333334
2007-10-01,235789.0,214299.58333333334
2007-11-01,232753.0,217126.58333333334
2007-12-01,224966.0,219369.08333333334
2008-01-01,223822.0,221962.33333333334
2008-02-01,222786.0,224523.91666666666
2008-03-01,239897.0,226553.66666666666
2008-04-01,249039.0,229655.08333333334
2008-05-01,262303.0,232512.58333333334
2008-06-01,267054.0,235902.58333333334
2008-07-01,266338.0,239722.0
2008-08-01,261141.0,242348.83333333334
2008-09-01,241395.0,243940.25
2008-10-01,234243.0,243811.41666666666
2008-11-01,198422.0,240950.5
2008-12-01,185887.0,237693.91666666666
2009-01-01,179402.0,233992.25
2009-02-01,178522.0,230303.58333333334
2009-03-01,191169.0,226242.91666666666
2009-04-01,188476.0,221196.0
2009-05-01,195791.0,215653.33333333334
2009-06-01,207328.0,210676.16666666666
2009-07-01,198679.0,205037.91666666666
2009-08-01,205919.0,200436.08333333334
2009-09-01,204870.0,197392.33333333334
2009-10-01,209686.0,195345.91666666666
2009-11-01,202898.0,195718.91666666666
2009-12-01,204210.0,197245.83333333334
2010-01-01,196373.0,198660.08333333334
2010-02-01,195830.0,200102.41666666666
2010-03-01,225826.0,202990.5
2010-04-01,220528.0,205661.5
2010-05-01,220934.0,207756.75
2010-06-01,224013.0,209147.16666666666
2010-07-01,217389.0,210706.33333333334
2010-08-01,226178.0,212394.58333333334
2010-09-01,223963.0,213985.66666666666
2010-10-01,226946.0,215424.0
2010-11-01,224497.0,217223.91666666666
2010-12-01,228088.0,219213.75
2011-01-01,225126.0,221609.83333333334
2011-02-01,222313.0,223816.75
2011-03-01,259946.0,226660.08333333334
2011-04-01,255471.0,229572.0
2011-05-01,261545.0,232956.25
2011-06-01,262416.0,236156.5
2011-07-01,253860.0,239195.75
2011-08-01,265494.0,242472.08333333334
2011-09-01,256972.0,245222.83333333334
2011-10-01,254955.0,247556.91666666666
2011-11-01,249902.0,249674.0
2011-12-01,244808.0,251067.33333333334
2012-01-01,239873.0,252296.25
2012-02-01,245022.0,254188.66666666666
2012-03-01,266613.0,254744.25
2012-04-01,256948.0,254867.33333333334
2012-05-01,265544.0,255200.58333333334
2012-06-01,250964.0,254246.25
2012-07-01,251497.0,254049.33333333334
2012-08-01,267891.0,254249.08333333334
2012-09-01,258762.0,254398.25
2012-10-01,266988.0,255401.0
2012-11-01,252797.0,255642.25
2012-12-01,246247.0,255762.16666666666
2013-01-01,248577.0,256487.5
2013-02-01,245239.0,256505.58333333334
2013-03-01,263414.0,256239.0
2013-04-01,258847.0,256397.25
2013-05-01,269447.0,256722.5
2013-06-01,258660.0,257363.83333333334
2013-07-01,264486.0,258446.25
2013-08-01,270528.0,258666.0
2013-09-01,261613.0,258903.58333333334
2013-10-01,267521.0,258948.0
2013-11-01,253102.0,258973.41666666666
2013-12-01,253862.0,259608.0
2014-01-01,248502.0,259601.75
2014-02-01,243890.0,259489.33333333334
2014-03-01,267418.0,259823.0
2014-04-01,267226.0,260521.25
2014-05-01,271496.0,260692.0
2014-06-01,267238.0,261406.83333333334
2014-07-01,262813.0,261267.41666666666
2014-08-01,266303.0,260915.33333333334
2014-09-01,262218.0,260965.75
2014-10-01,259354.0,260285.16666666666
2014-11-01,240320.0,259220.0
2014-12-01,234938.0,257643.0
2015-01-01,218265.0,255123.25
2015-02-01,216884.0,252872.75
2015-03-01,239793.0,250570.66666666666
2015-04-01,236251.0,247989.41666666666
2015-05-01,238998.0,245281.25
2015-06-01,242602.0,243228.25
2015-07-01,233000.0,240743.83333333334
2015-08-01,233517.0,238011.66666666666
2015-09-01,230995.0,235409.75
2015-10-01,230033.0,232966.33333333334
2015-11-01,216074.0,230945.83333333334
2015-12-01,214754.0,229263.83333333334
2016-01-01,199600.0,227708.41666666666
2016-02-01,205014.0,226719.25
2016-03-01,226281.0,225593.25
2016-04-01,218025.0,224074.41666666666
2016-05-01,226577.0,223039.33333333334
2016-06-01,230404.0,222022.83333333334
2016-07-01,216508.0,220648.5
2016-08-01,229952.0,220351.41666666666
2016-09-01,226490.0,219976.0
2016-10-01,226087.0,219647.16666666666
2016-11-01,219118.0,219900.83333333334
2016-12-01,223418.0,220622.83333333334
2017-01-01,216282.0,222013.0
2017-02-01,212813.0,222662.91666666666
2017-03-01,236683.0,223529.75
2017-04-01,227205.0,224294.75
2017-05-01,237246.0,225183.83333333334
2017-06-01,235541.0,225611.91666666666
2017-07-01,226420.0,226437.91666666666
2017-08-01,240870.0,227347.75
2017-09-01,235614.0,228108.08333333334
2017-10-01,241389.0,229383.25
2017-11-01,237459.0,230911.66666666666
2017-12-01,233857.0,231781.58333333334
2018-01-01,232677.0,233147.83333333334
2018-02-01,224827.0,234149.0
2018-03-01,250821.0,235327.16666666666
2018-04-01,244731.0,236787.66666666666
2018-05-01,260773.0,238748.25
2018-06-01,256731.0,240514.08333333334
2018-07-01,250932.0,242556.75
2018-08-01,261401.0,244267.66666666666
2018-09-01,253071.0,245722.41666666666
2018-10-01,260869.0,247345.75
2018-11-01,242645.0,247777.91666666666
2018-12-01,235232.0,247892.5
2019-01-01,232934.0,247913.91666666666
2019-02-01,226025.0,248013.75
2019-03-01,249803.0,247928.91666666666
2019-04-01,249467.0,248323.58333333334
2019-05-01,255242.0,247862.66666666666
2019-06-01,245564.0,246932.08333333334
2019-07-01,244476.0,246394.08333333334
2019-08-01,247699.0,245252.25
2019-09-01,240693.0,244220.75
2019-10-01,244858.0,242886.5
2019-11-01,230985.0,241914.83333333334
2019-12-01,231473.0,241601.58333333334
2020-01-01,222335.0,240718.33333333334
2020-02-01,215931.0,239877.16666666666
2020-03-01,223079.0,237650.16666666666
2020-04-01,198215.0,233379.16666666666
2020-05-01,200777.0,228840.41666666666
2020-06-01,217511.0,226502.66666666666
2020-07-01,215475.0,224085.91666666666
2020-08-01,221588.0,221910.0
2020-09-01,223779.0,220500.5
2020-10-01,227591.0,219061.58333333334
2020-11-01,221385.0,218261.58333333334
2020-12-01,230739.0,218200.41666666666
2021-01-01,227054.0,218593.66666666666
2021-02-01,225493.0,219390.5
2021-03-01,258424.0,222335.91666666666
2021-04-01,254319.0,227011.25
2021-05-01,263453.0,232234.25
2021-06-01,275833.0,237094.41666666666
2021-07-01,269683.0,241611.75
2021-08-01,279609.0,246446.83333333334
2021-09-01,278613.0,251016.33333333334
2021-10-01,286553.0,255929.83333333334
2021-11-01,281844.0,260968.08333333334
2021-12-01,281634.0,265209.3333333333
2022-01-01,273359.0,269068.0833333333
2022-02-01,270306.0,272802.5
2022-03-01,319668.0,277906.1666666667
2022-04-01,307305.0,282321.6666666667
2022-05-01,323303.0,287309.1666666667
2022-06-01,331981.0,291988.1666666667
2022-07-01,309187.0,295280.1666666667
2022-08-01,321420.0,298764.4166666667
2022-09-01,311330.0,301490.8333333333
2022-10-01,318330.0,304138.9166666667
2022-11-01,301392.0,305767.9166666667
2022-12-01,290196.0,306481.4166666667
2023-01-01,287835.0,307687.75
2023-02-01,277415.0,308280.1666666667
2023-03-01,307198.0,307241.0
2023-04-01,291936.0,305960.25
2023-05-01,301682.0,304158.5
2023-06-01,302446.0,301697.25
2023-07-01,291862.0,300253.5
2023-08-01,316306.0,299827.3333333333
2023-09-01,305762.0,299363.3333333333
2023-10-01,306873.0,298408.5833333333
2023-11-01,293120.0,297719.25
2023-12-01,286533.0,297414.0
2024-01-01,282029.0,296930.1666666667
2024-02-01,284802.0,297545.75
2024-03-01,306871.0,297518.5
2024-04-01,305229.0,298626.25
2024-05-01,307738.0,299130.9166666667
2024-06-01,304204.0,299277.4166666667
2024-07-01,303791.0,300271.5
2024-08-01,310162.0,299759.5
2024-09-01,300376.0,299310.6666666667
2024-10-01,310338.0,299599.4166666667
2024-11-01,294173.0,299687.1666666667
2024-12-01,293098.0,300234.25
2025-01-01,287953.0,300727.9166666667
2025-02-01,279772.0,300308.75
2025-03-01,309165.0,300499.9166666667
2025-04-01,301184.0,300162.8333333333
2025-05-01,303973.0,299849.0833333333
2025-06-01,306474.0,300038.25
2025-07-01,304200.0,300072.3333333333
2025-08-01,306520.0,299768.8333333333
2025-09-01,303350.0,300016.6666666667
2025-10-01,306509.0,299697.5833333333
2025-11-01,289205.0,299283.5833333333
2025-12-01,292693.0,299249.8333333333
2026-01-01,282269.0,298776.1666666667
2026-02-01,281781.0,298943.5833333333
2026-03-01,323421.0,300131.5833333333
