date,new_orders,moving_avg_12,time_index,linear_trend_forecast
1992-01-01,102545,,0,110092
1992-02-01,109801,,1,110559
1992-03-01,115743,,2,111026
1992-04-01,113458,,3,111492
1992-05-01,115904,,4,111959
1992-06-01,123651,,5,112426
1992-07-01,112139,,6,112893
1992-08-01,116254,,7,113360
1992-09-01,125365,,8,113827
1992-10-01,119404,,9,114293
1992-11-01,116994,,10,114760
1992-12-01,113904,115430,11,115227
1993-01-01,108722,115945,12,115694
1993-02-01,115662,116433,13,116161
1993-03-01,121901,116946,14,116628
1993-04-01,116949,117237,15,117094
1993-05-01,118210,117430,16,117561
1993-06-01,125644,117596,17,118028
1993-07-01,112707,117643,18,118495
1993-08-01,119172,117886,19,118962
1993-09-01,125370,117887,20,119429
1993-10-01,121750,118082,21,119895
1993-11-01,117540,118128,22,120362
1993-12-01,112326,117996,23,120829
1994-01-01,108951,118015,24,121296
1994-02-01,116944,118122,25,121763
1994-03-01,123978,118295,26,122230
1994-04-01,118938,118461,27,122696
1994-05-01,121062,118698,28,123163
1994-06-01,128107,118904,29,123630
1994-07-01,116554,119224,30,124097
1994-08-01,127450,119914,31,124564
1994-09-01,131852,120454,32,125031
1994-10-01,128571,121023,33,125497
1994-11-01,126882,121801,34,125964
1994-12-01,124762,122838,35,126431
1995-01-01,119611,123726,36,126898
1995-02-01,128238,124667,37,127365
1995-03-01,133072,125425,38,127832
1995-04-01,129515,126306,39,128298
1995-05-01,131658,127189,40,128765
1995-06-01,138243,128034,41,129232
1995-07-01,125470,128777,42,129699
1995-08-01,135341,129435,43,130166
1995-09-01,139627,130082,44,130633
1995-10-01,136134,130713,45,131099
1995-11-01,131856,131127,46,131566
1995-12-01,128097,131405,47,132033
1996-01-01,121643,131574,48,132500
1996-02-01,128827,131624,49,132967
1996-03-01,135236,131804,50,133434
1996-04-01,133333,132122,51,133900
1996-05-01,135842,132471,52,134367
1996-06-01,139374,132565,53,134834
1996-07-01,130641,132996,54,135301
1996-08-01,138752,133280,55,135768
1996-09-01,142471,133517,56,136235
1996-10-01,141806,133990,57,136701
1996-11-01,138233,134521,58,137168
1996-12-01,132433,134883,59,137635
1997-01-01,129832,135565,60,138102
1997-02-01,136868,136235,61,138569
1997-03-01,141249,136736,62,139036
1997-04-01,139956,137288,63,139502
1997-05-01,140881,137708,64,139969
1997-06-01,145039,138180,65,140436
1997-07-01,135117,138553,66,140903
1997-08-01,143595,138957,67,141370
1997-09-01,148447,139455,68,141837
1997-10-01,147128,139898,69,142303
1997-11-01,141626,140181,70,142770
1997-12-01,137577,140610,71,143237
1998-01-01,131525,140751,72,143704
1998-02-01,137784,140827,73,144171
1998-03-01,143642,141026,74,144638
1998-04-01,139537,140992,75,145104
1998-05-01,139462,140873,76,145571
1998-06-01,145468,140909,77,146038
1998-07-01,133467,140772,78,146505
1998-08-01,140944,140551,79,146972
1998-09-01,145325,140290,80,147439
1998-10-01,141686,139837,81,147905
1998-11-01,135698,139343,82,148372
1998-12-01,133687,139019,83,148839
1999-01-01,126858,138630,84,149306
1999-02-01,135079,138404,85,149773
1999-03-01,142928,138345,86,150240
1999-04-01,137995,138216,87,150706
1999-05-01,139079,138184,88,151173
1999-06-01,147560,138359,89,151640
1999-07-01,135927,138564,90,152107
1999-08-01,146614,139036,91,152574
1999-09-01,151289,139533,92,153041
1999-10-01,149758,140206,93,153507
1999-11-01,147808,141215,94,153974
1999-12-01,144256,142096,95,154441
2000-01-01,137661,142996,96,154908
2000-02-01,148351,144102,97,155375
2000-03-01,157029,145277,98,155842
2000-04-01,150029,146280,99,156308
2000-05-01,154427,147559,100,156775
2000-06-01,160958,148676,101,157242
2000-07-01,147251,149619,102,157709
2000-08-01,157956,150564,103,158176
2000-09-01,160175,151305,104,158643
2000-10-01,157892,151983,105,159109
2000-11-01,153778,152480,106,159576
2000-12-01,149389,152908,107,160043
2001-01-01,145556,153566,108,160510
2001-02-01,148497,153578,109,160977
2001-03-01,155564,153456,110,161444
2001-04-01,148095,153295,111,161910
2001-05-01,155494,153384,112,162377
2001-06-01,152139,152649,113,162844
2001-07-01,143378,152326,114,163311
2001-08-01,156987,152245,115,163778
2001-09-01,150962,151478,116,164245
2001-10-01,152943,151065,117,164711
2001-11-01,145391,150366,118,165178
2001-12-01,141087,149674,119,165645
2002-01-01,137460,149000,120,166112
2002-02-01,138363,148155,121,166579
2002-03-01,149696,147666,122,167046
2002-04-01,146979,147573,123,167512
2002-05-01,152700,147340,124,167979
2002-06-01,152769,147393,125,168446
2002-07-01,144459,147483,126,168913
2002-08-01,154659,147289,127,169380
2002-09-01,156551,147755,128,169847
2002-10-01,158372,148207,129,170313
2002-11-01,150560,148638,130,170780
2002-12-01,148534,149258,131,171247
2003-01-01,145416,149922,132,171714
2003-02-01,147606,150692,133,172181
2003-03-01,160911,151626,134,172647
2003-04-01,151506,152004,135,173114
2003-05-01,155506,152237,136,173581
2003-06-01,158954,152753,137,174048
2003-07-01,154879,153621,138,174515
2003-08-01,161022,154151,139,174982
2003-09-01,162470,154645,140,175448
2003-10-01,165161,155210,141,175915
2003-11-01,153809,155481,142,176382
2003-12-01,155559,156067,143,176849
2004-01-01,150542,156494,144,177316
2004-02-01,152961,156940,145,177783
2004-03-01,169709,157673,146,178249
2004-04-01,164502,158756,147,178716
2004-05-01,169992,159963,148,179183
2004-06-01,175562,161347,149,179650
2004-07-01,167989,162440,150,180117
2004-08-01,178706,163914,151,180584
2004-09-01,177107,165133,152,181050
2004-10-01,183178,166635,153,181517
2004-11-01,179180,168749,154,181984
2004-12-01,174875,170359,155,182451
2005-01-01,170844,172050,156,182918
2005-02-01,172444,173674,157,183385
2005-03-01,194132,175709,158,183851
2005-04-01,188815,177735,159,184318
2005-05-01,194723,179796,160,184785
2005-06-01,198487,181707,161,185252
2005-07-01,190272,183564,162,185719
2005-08-01,207537,185966,163,186186
2005-09-01,204134,188218,164,186652
2005-10-01,203787,189936,165,187119
2005-11-01,198386,191536,166,187586
2005-12-01,193672,193103,167,188053
2006-01-01,192371,194897,168,188520
2006-02-01,185664,195998,169,188987
2006-03-01,208225,197173,170,189453
2006-04-01,200677,198161,171,189920
2006-05-01,217293,200042,172,190387
2006-06-01,215777,201483,173,190854
2006-07-01,207780,202942,174,191321
2006-08-01,221091,204071,175,191788
2006-09-01,203072,203983,176,192254
2006-10-01,204523,204044,177,192721
2006-11-01,198829,204081,178,193188
2006-12-01,198056,204446,179,193655
2007-01-01,192703,204474,180,194122
2007-02-01,192047,205006,181,194589
2007-03-01,215540,205616,182,195055
2007-04-01,211822,206544,183,195522
2007-05-01,228013,207438,184,195989
2007-06-01,226374,208321,185,196456
2007-07-01,220505,209381,186,196923
2007-08-01,229619,210092,187,197390
2007-09-01,222298,211694,188,197856
2007-10-01,235789,214300,189,198323
2007-11-01,232753,217127,190,198790
2007-12-01,224966,219369,191,199257
2008-01-01,223822,221962,192,199724
2008-02-01,222786,224524,193,200191
2008-03-01,239897,226554,194,200657
2008-04-01,249039,229655,195,201124
2008-05-01,262303,232513,196,201591
2008-06-01,267054,235903,197,202058
2008-07-01,266338,239722,198,202525
2008-08-01,261141,242349,199,202992
2008-09-01,241395,243940,200,203458
2008-10-01,234243,243811,201,203925
2008-11-01,198422,240950,202,204392
2008-12-01,185887,237694,203,204859
2009-01-01,179402,233992,204,205326
2009-02-01,178522,230304,205,205793
2009-03-01,191169,226243,206,206259
2009-04-01,188476,221196,207,206726
2009-05-01,195791,215653,208,207193
2009-06-01,207328,210676,209,207660
2009-07-01,198679,205038,210,208127
2009-08-01,205919,200436,211,208594
2009-09-01,204870,197392,212,209060
2009-10-01,209686,195346,213,209527
2009-11-01,202898,195719,214,209994
2009-12-01,204210,197246,215,210461
2010-01-01,196373,198660,216,210928
2010-02-01,195830,200102,217,211395
2010-03-01,225826,202990,218,211861
2010-04-01,220528,205662,219,212328
2010-05-01,220934,207757,220,212795
2010-06-01,224013,209147,221,213262
2010-07-01,217389,210706,222,213729
2010-08-01,226178,212395,223,214196
2010-09-01,223963,213986,224,214662
2010-10-01,226946,215424,225,215129
2010-11-01,224497,217224,226,215596
2010-12-01,228088,219214,227,216063
2011-01-01,225126,221610,228,216530
2011-02-01,222313,223817,229,216997
2011-03-01,259946,226660,230,217463
2011-04-01,255471,229572,231,217930
2011-05-01,261545,232956,232,218397
2011-06-01,262416,236156,233,218864
2011-07-01,253860,239196,234,219331
2011-08-01,265494,242472,235,219798
2011-09-01,256972,245223,236,220264
2011-10-01,254955,247557,237,220731
2011-11-01,249902,249674,238,221198
2011-12-01,244808,251067,239,221665
2012-01-01,239873,252296,240,222132
2012-02-01,245022,254189,241,222599
2012-03-01,266613,254744,242,223065
2012-04-01,256948,254867,243,223532
2012-05-01,265544,255201,244,223999
2012-06-01,250964,254246,245,224466
2012-07-01,251497,254049,246,224933
2012-08-01,267891,254249,247,225400
2012-09-01,258762,254398,248,225866
2012-10-01,266988,255401,249,226333
2012-11-01,252797,255642,250,226800
2012-12-01,246247,255762,251,227267
2013-01-01,248577,256488,252,227734
2013-02-01,245239,256506,253,228201
2013-03-01,263414,256239,254,228667
2013-04-01,258847,256397,255,229134
2013-05-01,269447,256722,256,229601
2013-06-01,258660,257364,257,230068
2013-07-01,264486,258446,258,230535
2013-08-01,270528,258666,259,231002
2013-09-01,261613,258904,260,231468
2013-10-01,267521,258948,261,231935
2013-11-01,253102,258973,262,232402
2013-12-01,253862,259608,263,232869
2014-01-01,248502,259602,264,233336
2014-02-01,243890,259489,265,233803
2014-03-01,267418,259823,266,234269
2014-04-01,267226,260521,267,234736
2014-05-01,271496,260692,268,235203
2014-06-01,267238,261407,269,235670
2014-07-01,262813,261267,270,236137
2014-08-01,266303,260915,271,236603
2014-09-01,262218,260966,272,237070
2014-10-01,259354,260285,273,237537
2014-11-01,240320,259220,274,238004
2014-12-01,234938,257643,275,238471
2015-01-01,218265,255123,276,238938
2015-02-01,216884,252873,277,239404
2015-03-01,239793,250571,278,239871
2015-04-01,236251,247989,279,240338
2015-05-01,238998,245281,280,240805
2015-06-01,242602,243228,281,241272
2015-07-01,233000,240744,282,241739
2015-08-01,233517,238012,283,242205
2015-09-01,230995,235410,284,242672
2015-10-01,230033,232966,285,243139
2015-11-01,216074,230946,286,243606
2015-12-01,214754,229264,287,244073
2016-01-01,199600,227708,288,244540
2016-02-01,205014,226719,289,245006
2016-03-01,226281,225593,290,245473
2016-04-01,218025,224074,291,245940
2016-05-01,226577,223039,292,246407
2016-06-01,230404,222023,293,246874
2016-07-01,216508,220648,294,247341
2016-08-01,229952,220351,295,247807
2016-09-01,226490,219976,296,248274
2016-10-01,226087,219647,297,248741
2016-11-01,219118,219901,298,249208
2016-12-01,223418,220623,299,249675
2017-01-01,216282,222013,300,250142
2017-02-01,212813,222663,301,250608
2017-03-01,236683,223530,302,251075
2017-04-01,227205,224295,303,251542
2017-05-01,237246,225184,304,252009
2017-06-01,235541,225612,305,252476
2017-07-01,226420,226438,306,252943
2017-08-01,240870,227348,307,253409
2017-09-01,235614,228108,308,253876
2017-10-01,241389,229383,309,254343
2017-11-01,237459,230912,310,254810
2017-12-01,233857,231782,311,255277
2018-01-01,232677,233148,312,255744
2018-02-01,224827,234149,313,256210
2018-03-01,250821,235327,314,256677
2018-04-01,244731,236788,315,257144
2018-05-01,260773,238748,316,257611
2018-06-01,256731,240514,317,258078
2018-07-01,250932,242557,318,258545
2018-08-01,261401,244268,319,259011
2018-09-01,253071,245722,320,259478
2018-10-01,260869,247346,321,259945
2018-11-01,242645,247778,322,260412
2018-12-01,235232,247892,323,260879
2019-01-01,232934,247914,324,261346
2019-02-01,226025,248014,325,261812
2019-03-01,249803,247929,326,262279
2019-04-01,249467,248324,327,262746
2019-05-01,255242,247863,328,263213
2019-06-01,245564,246932,329,263680
2019-07-01,244476,246394,330,264147
2019-08-01,247699,245252,331,264613
2019-09-01,240693,244221,332,265080
2019-10-01,244858,242886,333,265547
2019-11-01,230985,241915,334,266014
2019-12-01,231473,241602,335,266481
2020-01-01,222335,240718,336,266948
2020-02-01,215931,239877,337,267414
2020-03-01,223079,237650,338,267881
2020-04-01,198215,233379,339,268348
2020-05-01,200777,228840,340,268815
2020-06-01,217511,226503,341,269282
2020-07-01,215475,224086,342,269749
2020-08-01,221588,221910,343,270215
2020-09-01,223779,220500,344,270682
2020-10-01,227591,219062,345,271149
2020-11-01,221385,218262,346,271616
2020-12-01,230739,218200,347,272083
2021-01-01,227054,218594,348,272550
2021-02-01,225493,219390,349,273016
2021-03-01,258424,222336,350,273483
2021-04-01,254319,227011,351,273950
2021-05-01,263453,232234,352,274417
2021-06-01,275833,237094,353,274884
2021-07-01,269683,241612,354,275351
2021-08-01,279609,246447,355,275817
2021-09-01,278613,251016,356,276284
2021-10-01,286553,255930,357,276751
2021-11-01,281844,260968,358,277218
2021-12-01,281634,265209,359,277685
2022-01-01,273359,269068,360,278152
2022-02-01,270306,272802,361,278618
2022-03-01,319668,277906,362,279085
2022-04-01,307305,282322,363,279552
2022-05-01,323303,287309,364,280019
2022-06-01,331981,291988,365,280486
2022-07-01,309187,295280,366,280953
2022-08-01,321420,298764,367,281419
2022-09-01,311330,301491,368,281886
2022-10-01,318330,304139,369,282353
2022-11-01,301392,305768,370,282820
2022-12-01,290196,306481,371,283287
2023-01-01,287835,307688,372,283754
2023-02-01,277415,308280,373,284220
2023-03-01,307198,307241,374,284687
2023-04-01,291936,305960,375,285154
2023-05-01,301682,304158,376,285621
2023-06-01,302446,301697,377,286088
2023-07-01,291862,300254,378,286555
2023-08-01,316306,299827,379,287021
2023-09-01,305762,299363,380,287488
2023-10-01,306873,298409,381,287955
2023-11-01,293120,297719,382,288422
2023-12-01,286533,297414,383,288889
2024-01-01,282029,296930,384,289356
2024-02-01,284802,297546,385,289822
2024-03-01,306871,297518,386,290289
2024-04-01,305229,298626,387,290756
2024-05-01,307738,299131,388,291223
2024-06-01,304204,299277,389,291690
2024-07-01,303791,300272,390,292157
2024-08-01,310162,299760,391,292623
2024-09-01,300376,299311,392,293090
2024-10-01,310338,299599,393,293557
2024-11-01,294173,299687,394,294024
2024-12-01,293098,300234,395,294491
2025-01-01,287953,300728,396,294958
2025-02-01,279772,300309,397,295424
2025-03-01,309165,300500,398,295891
2025-04-01,301184,300163,399,296358
2025-05-01,303973,299849,400,296825
2025-06-01,306474,300038,401,297292
2025-07-01,304200,300072,402,297759
2025-08-01,306520,299769,403,298225
2025-09-01,303350,300017,404,298692
2025-10-01,306509,299698,405,299159
2025-11-01,289205,299284,406,299626
2025-12-01,292693,299250,407,300093
2026-01-01,282269,298776,408,300559
2026-02-01,281781,298944,409,301026
2026-03-01,323421,300132,410,301493
